<code_scheme name="Default" version="173">
  <option name="FORMATTER_TAGS_ENABLED" value="true" />
  <codeStyleSettings language="JAVA">
    <option name="LINE_COMMENT_AT_FIRST_COLUMN" value="false" />
    <option name="LINE_COMMENT_ADD_SPACE" value="true" />
  </codeStyleSettings>
  <codeStyleSettings language="PHP">
    <option name="LINE_COMMENT_AT_FIRST_COLUMN" value="false" />
    <option name="LINE_COMMENT_ADD_SPACE" value="true" />
    <option name="CLASS_BRACE_STYLE" value="1" />
    <option name="METHOD_BRACE_STYLE" value="1" />
  </codeStyleSettings>
</code_scheme>