<keymap version="1" name="ADs IntelliJ keymap" parent="macOS For All">
  <action id="ActivateCommitToolWindow">
    <keyboard-shortcut first-keystroke="meta 0" />
  </action>
  <action id="ActivateFavoritesToolWindow">
    <keyboard-shortcut first-keystroke="meta 2" />
  </action>
  <action id="ActivateFindToolWindow">
    <keyboard-shortcut first-keystroke="meta 3" />
  </action>
  <action id="ActivateProblemsViewToolWindow">
    <keyboard-shortcut first-keystroke="meta 6" />
  </action>
  <action id="ActivateProjectToolWindow">
    <keyboard-shortcut first-keystroke="meta 1" />
  </action>
  <action id="ActivateRunToolWindow">
    <keyboard-shortcut first-keystroke="meta 4" />
  </action>
  <action id="ActivateServicesToolWindow">
    <keyboard-shortcut first-keystroke="meta 8" />
  </action>
  <action id="ActivateStructureToolWindow">
    <keyboard-shortcut first-keystroke="meta 7" />
  </action>
  <action id="ActivateVersionControlToolWindow">
    <keyboard-shortcut first-keystroke="meta 9" />
  </action>
  <action id="AutoIndentLines" />
  <action id="Back">
    <mouse-shortcut keystroke="button4" />
    <keyboard-shortcut first-keystroke="ctrl meta left" />
  </action>
  <action id="ChooseDebugConfiguration">
    <keyboard-shortcut first-keystroke="shift meta f9" />
  </action>
  <action id="ChooseRunConfiguration">
    <keyboard-shortcut first-keystroke="shift meta f10" />
  </action>
  <action id="CodeInspection.OnEditor">
    <keyboard-shortcut first-keystroke="shift meta i" />
  </action>
  <action id="Console.TableResult.DeleteRows" />
  <action id="Debug">
    <keyboard-shortcut first-keystroke="meta f9" />
  </action>
  <action id="EditorCodeBlockEnd">
    <keyboard-shortcut first-keystroke="ctrl meta close_bracket" />
  </action>
  <action id="EditorCodeBlockEndWithSelection">
    <keyboard-shortcut first-keystroke="shift ctrl meta close_bracket" />
  </action>
  <action id="EditorCodeBlockStart">
    <keyboard-shortcut first-keystroke="ctrl meta open_bracket" />
  </action>
  <action id="EditorCodeBlockStartWithSelection">
    <keyboard-shortcut first-keystroke="shift ctrl meta open_bracket" />
  </action>
  <action id="EditorDeleteLine">
    <keyboard-shortcut first-keystroke="meta back_space" />
  </action>
  <action id="EditorDeleteToWordEnd" />
  <action id="EditorDeleteToWordStart">
    <keyboard-shortcut first-keystroke="ctrl back_space" />
  </action>
  <action id="EditorLineEnd">
    <keyboard-shortcut first-keystroke="end" />
  </action>
  <action id="EditorLineEndWithSelection">
    <keyboard-shortcut first-keystroke="shift end" />
  </action>
  <action id="EditorLineStart">
    <keyboard-shortcut first-keystroke="home" />
  </action>
  <action id="EditorLineStartWithSelection">
    <keyboard-shortcut first-keystroke="shift home" />
  </action>
  <action id="EditorLookupUp">
    <keyboard-shortcut first-keystroke="meta up" />
  </action>
  <action id="EditorMatchBrace">
    <keyboard-shortcut first-keystroke="ctrl meta m" />
  </action>
  <action id="EditorNextWord">
    <keyboard-shortcut first-keystroke="ctrl right" />
  </action>
  <action id="EditorNextWordInDifferentHumpsMode">
    <keyboard-shortcut first-keystroke="alt right" />
  </action>
  <action id="EditorNextWordInDifferentHumpsModeWithSelection">
    <keyboard-shortcut first-keystroke="shift alt right" />
  </action>
  <action id="EditorNextWordWithSelection">
    <keyboard-shortcut first-keystroke="shift ctrl right" />
  </action>
  <action id="EditorPreviousWord">
    <keyboard-shortcut first-keystroke="ctrl left" />
  </action>
  <action id="EditorPreviousWordInDifferentHumpsMode">
    <keyboard-shortcut first-keystroke="alt left" />
  </action>
  <action id="EditorPreviousWordInDifferentHumpsModeWithSelection">
    <keyboard-shortcut first-keystroke="shift alt left" />
  </action>
  <action id="EditorPreviousWordWithSelection">
    <keyboard-shortcut first-keystroke="shift ctrl left" />
  </action>
  <action id="EditorScrollDown">
    <keyboard-shortcut first-keystroke="ctrl down" />
  </action>
  <action id="EditorSelectWord">
    <keyboard-shortcut first-keystroke="meta w" />
  </action>
  <action id="EditorUnSelectWord">
    <keyboard-shortcut first-keystroke="shift meta w" />
  </action>
  <action id="EvaluateExpression">
    <keyboard-shortcut first-keystroke="meta f8" />
  </action>
  <action id="Exit" />
  <action id="ExtractMethod">
    <keyboard-shortcut first-keystroke="shift ctrl meta m" />
  </action>
  <action id="FindNext">
    <keyboard-shortcut first-keystroke="alt j" />
  </action>
  <action id="FindPrevious">
    <keyboard-shortcut first-keystroke="shift alt j" />
  </action>
  <action id="FindUsages">
    <keyboard-shortcut first-keystroke="meta f" />
  </action>
  <action id="FindUsagesInFile">
    <keyboard-shortcut first-keystroke="ctrl meta f" />
  </action>
  <action id="ForceRunToCursor">
    <keyboard-shortcut first-keystroke="meta alt f9" />
  </action>
  <action id="Forward">
    <mouse-shortcut keystroke="button5" />
    <keyboard-shortcut first-keystroke="ctrl meta right" />
  </action>
  <action id="GotoPrevElementUnderCaretUsage" />
  <action id="Inline" />
  <action id="IntroduceVariable">
    <keyboard-shortcut first-keystroke="ctrl meta v" />
  </action>
  <action id="MethodDown">
    <keyboard-shortcut first-keystroke="meta down" />
  </action>
  <action id="MethodUp">
    <keyboard-shortcut first-keystroke="meta up" />
  </action>
  <action id="MoveLineDown">
    <keyboard-shortcut first-keystroke="shift meta down" />
  </action>
  <action id="MoveLineUp">
    <keyboard-shortcut first-keystroke="shift meta up" />
  </action>
  <action id="NewElementSamePlace">
    <keyboard-shortcut first-keystroke="meta n" />
  </action>
  <action id="NextProjectWindow">
    <keyboard-shortcut first-keystroke="meta back_quote" />
  </action>
  <action id="NextSplitter" />
  <action id="OptimizeImports">
    <keyboard-shortcut first-keystroke="ctrl meta o" />
  </action>
  <action id="PreviousProjectWindow">
    <keyboard-shortcut first-keystroke="shift meta back_quote" />
  </action>
  <action id="QuickEvaluateExpression">
    <mouse-shortcut keystroke="meta button1" />
    <keyboard-shortcut first-keystroke="meta alt f8" />
  </action>
  <action id="QuickImplementations">
    <keyboard-shortcut first-keystroke="ctrl q" />
  </action>
  <action id="ReformatCode">
    <keyboard-shortcut first-keystroke="ctrl meta l" />
  </action>
  <action id="Run">
    <keyboard-shortcut first-keystroke="meta f10" />
  </action>
  <action id="RunToCursor">
    <keyboard-shortcut first-keystroke="meta f9" />
  </action>
  <action id="ScrollPane-unitScrollUp">
    <keyboard-shortcut first-keystroke="ctrl up" />
  </action>
  <action id="SelectAllOccurrences">
    <keyboard-shortcut first-keystroke="shift ctrl meta j" />
  </action>
  <action id="SelectIn">
    <keyboard-shortcut first-keystroke="meta f1" />
  </action>
  <action id="SelectNextOccurrence">
    <keyboard-shortcut first-keystroke="meta j" />
  </action>
  <action id="ShowBookmarks">
    <keyboard-shortcut first-keystroke="shift meta f3" />
  </action>
  <action id="ShowIntentionActions">
    <keyboard-shortcut first-keystroke="meta enter" />
  </action>
  <action id="ShowNavBar">
    <keyboard-shortcut first-keystroke="alt home" />
  </action>
  <action id="Stop">
    <keyboard-shortcut first-keystroke="meta f2" />
  </action>
  <action id="SurroundWith">
    <keyboard-shortcut first-keystroke="ctrl meta t" />
  </action>
  <action id="SurroundWithLiveTemplate">
    <keyboard-shortcut first-keystroke="ctrl meta j" />
  </action>
  <action id="Synchronize">
    <keyboard-shortcut first-keystroke="ctrl meta y" />
  </action>
  <action id="ToggleBookmarkWithMnemonic">
    <keyboard-shortcut first-keystroke="meta f3" />
  </action>
  <action id="UnselectPreviousOccurrence">
    <keyboard-shortcut first-keystroke="shift meta j" />
  </action>
  <action id="ZoomCurrentWindow" />
</keymap>